_id,emailValidated
"""5acf80547c96033f509a21dc""",1
"""5acfc43b056e661330faad63""",
"""5ad4c3d045c25415b020c872""",
"""5ad5ee929ffd813bc08a05c5""",
"""5ad60217a3ac1516381d6cad""",
"""5ad6038bd304cf23282958a1""",
"""5ad603dddd3eb82180079b23""",
"""5ad6045cdd3eb82180079b24""",
"""5ad60561841a530684cc75ee""",
"""5ad6067484bccc3e44d749cc""",
"""5ad60cf433fba449cc45d171""",
"""5ad60e22e06f833e1cc20da9""",
"""5ad612cd2594d53f0c642e50""",
"""5ad616e6e5d11905d0d655c2""",
"""5ad7b1a5caf97b416487c982""",
"""5ad8a85c36befe3a54c2412c""",
"""5ae0e535cc3c1d2648fcf0f1""",
